Workbook

Sheet IamageVal_base
A1: baseEvidenceFolderPath | B1: baseResultFolderPath | C1: baseTargetFolderPath | D1: fileExtension
A2: C:\evidence\トレーニング\ | B2: C:\evidence\トレーニング\result\ | C2: C:\evidence\トレーニング\比較画像\ | D2: .jpg

Sheet T01
A1: id | B1: name | C1: checkMessage
A2: 1 | B2: テスト太郎 | C2: =IF($B2="","Welcome!","Welcome, "&$B2&"!") -> Welcome, テスト太郎!
A3: 2 | B3: John | C3: =IF($B3="","Welcome!","Welcome, "&$B3&"!") -> Welcome, John!
A4: 3 | B4: Taro12 | C4: =IF($B4="","Welcome!","Welcome, "&$B4&"!") -> Welcome, Taro12!
A5: 4 | C5: =IF($B5="","Welcome!","Welcome, "&$B5&"!") -> Welcome!

Sheet T02
A1: id | B1: firstName | C1: lastName | D1: department | E1: age | F1: genderType | G1: genderType(abc...) | H1: numberOfEntries | I1: personList
A2: 1 | B2: テスト | C2: 太郎 | D2: Development | E2: 10 | F2: Male | G2: =LOWER(LEFT(F2,1)) & MID(F2,2,LEN(F2)-1) -> male | H2: 1 | I2: =$B2 &" "&$C2&" ("&$G2&", "&$E2&") "&$D2 -> テスト 太郎 (male, 10) Development
A3: 2 | B3: テスト | C3: 花子 | D3: Management | E3: 20 | F3: Female | G3: =LOWER(LEFT(F3,1)) & MID(F3,2,LEN(F3)-1) -> female | H3: 1 | I3: =$B3 &" "&$C3&" ("&$G3&", "&$E3&") "&$D3 -> テスト 花子 (female, 20) Management
A4: 3 | B4: Test | C4: Taro | D4: Marketing | E4: 30 | F4: Male | G4: =LOWER(LEFT(F4,1)) & MID(F4,2,LEN(F4)-1) -> male | H4: 1 | I4: =$B4 &" "&$C4&" ("&$G4&", "&$E4&") "&$D4 -> Test Taro (male, 30) Marketing
A5: 4 | B5: Test | C5: Hanako | D5: Office | E5: 40 | F5: Female | G5: =LOWER(LEFT(F5,1)) & MID(F5,2,LEN(F5)-1) -> female | H5: 1 | I5: =$B5 &" "&$C5&" ("&$G5&", "&$E5&") "&$D5 -> Test Hanako (female, 40) Office
A6: 5 | B6: John | C6: Smith | D6: Project Management | E6: 50 | F6: Male | G6: =LOWER(LEFT(F6,1)) & MID(F6,2,LEN(F6)-1) -> male | H6: 1 | I6: =$B6 &" "&$C6&" ("&$G6&", "&$E6&") "&$D6 -> John Smith (male, 50) Project Management
A7: 6 | B7: Jane | C7: Doe | D7: Sales | E7: 60 | F7: Female | G7: =LOWER(LEFT(F7,1)) & MID(F7,2,LEN(F7)-1) -> female | H7: 1 | I7: =$B7 &" "&$C7&" ("&$G7&", "&$E7&") "&$D7 -> Jane Doe (female, 60) Sales
A8: 7 | B8: James | C8: Johnson | D8: Support | E8: 70 | F8: Male | G8: =LOWER(LEFT(F8,1)) & MID(F8,2,LEN(F8)-1) -> male | H8: 1 | I8: =$B8 &" "&$C8&" ("&$G8&", "&$E8&") "&$D8 -> James Johnson (male, 70) Support
A9: 8 | B9: Mary | C9: Smith | D9: Testing | E9: 80 | F9: Female | G9: =LOWER(LEFT(F9,1)) & MID(F9,2,LEN(F9)-1) -> female | H9: 1 | I9: =$B9 &" "&$C9&" ("&$G9&", "&$E9&") "&$D9 -> Mary Smith (female, 80) Testing
A10: 9 | B10: <ignore> | C10: 太郎 | D10: Development | E10: 90 | F10: Male | G10: =LOWER(LEFT(F10,1)) & MID(F10,2,LEN(F10)-1) -> male | H10: 1 | I10: =" "&$C10&" ("&$G10&", "&$E10&") "&$D10 -> 太郎 (male, 90) Development
A11: 10 | B11: テスト | C11: <ignore> | D11: Management | E11: 100 | F11: Male | G11: =LOWER(LEFT(F11,1)) & MID(F11,2,LEN(F11)-1) -> male | H11: 1 | I11: =$B11 &" "&" ("&$G11&", "&$E11&") "&$D11 -> テスト (male, 100) Management
A12: 11 | B12: テスト | C12: 太郎 | D12: <ignore> | E12: 10 | F12: Male | G12: =LOWER(LEFT(F12,1)) & MID(F12,2,LEN(F12)-1) -> male | H12: 1 | I12: =$B12 &" "&$C12&" ("&$G12&", "&$E12&") (no department)" -> テスト 太郎 (male, 10) (no department)
A13: 12 | B13: テスト | C13: 太郎 | D13: Marketing | E13: -1 | F13: Male | G13: =LOWER(LEFT(F13,1)) & MID(F13,2,LEN(F13)-1) -> male | H13: 1 | I13: =$B13 &" "&$C13&" ("&$G13&", 0) "&$D13 -> テスト 太郎 (male, 0) Marketing
A14: 13 | B14: テスト | C14: 太郎 | D14: Office | E14: 101 | F14: Male | G14: =LOWER(LEFT(F14,1)) & MID(F14,2,LEN(F14)-1) -> male | H14: 1 | I14: =$B14 &" "&$C14&" ("&$G14&", 100) "&$D14 -> テスト 太郎 (male, 100) Office
A15: 14 | B15: テスト | C15: 太郎 | D15: Project Management | E15: <ignore> | F15: Male | G15: =LOWER(LEFT(F15,1)) & MID(F15,2,LEN(F15)-1) -> male | H15: 1 | I15: =$B15 &" "&$C15&" ("&$G15&", 0) "&$D15 -> テスト 太郎 (male, 0) Project Management
A16: 15 | B16: テスト | C16: 太郎 | D16: Sales | E16: 80 | F16: <ignore> | H16: 1 | I16: =$B16 &" "&$C16&" ("&$E16&") "&$D16 -> テスト 太郎 (80) Sales

Sheet T03-1
A1: id | B1: firstName | C1: lastName | D1: department | E1: age | F1: genderType | G1: genderType(abc...)
A2: 1 | B2: テスト | C2: 太郎 | D2: Development | E2: 10 | F2: Male | G2: =LOWER(LEFT(F2,1)) & MID(F2,2,LEN(F2)-1) -> male
A3: 2 | B3: テスト | C3: 花子 | D3: Management | E3: 20 | F3: Female | G3: =LOWER(LEFT(F3,1)) & MID(F3,2,LEN(F3)-1) -> female
A4: 3 | B4: Test | C4: Taro | D4: Marketing | E4: 30 | F4: Male | G4: =LOWER(LEFT(F4,1)) & MID(F4,2,LEN(F4)-1) -> male
A5: 4 | B5: Test | C5: Hanako | D5: Office | E5: 40 | F5: Female | G5: =LOWER(LEFT(F5,1)) & MID(F5,2,LEN(F5)-1) -> female
A6: 5 | B6: John | C6: Smith | D6: Project Management | E6: 50 | F6: Male | G6: =LOWER(LEFT(F6,1)) & MID(F6,2,LEN(F6)-1) -> male
A7: 6 | B7: Jane | C7: Doe | D7: Sales | E7: 60 | F7: Female | G7: =LOWER(LEFT(F7,1)) & MID(F7,2,LEN(F7)-1) -> female
A8: 7 | B8: James | C8: Johnson | D8: Support | E8: 70 | F8: Male | G8: =LOWER(LEFT(F8,1)) & MID(F8,2,LEN(F8)-1) -> male
A9: 8 | B9: Mary | C9: Smith | D9: Testing | E9: 80 | F9: Female | G9: =LOWER(LEFT(F9,1)) & MID(F9,2,LEN(F9)-1) -> female

Sheet T03-2
A1: id | B1: numberOfEntries
A2: 1 | B2: 8

Sheet T03-3
A1: id | B1: numberOfEntries | C1: personList
A2: 1 | B2: 8 | C2: ='T03-1'!B2 &" "&'T03-1'!C2&" ("&'T03-1'!G2&", "&'T03-1'!E2&") "&'T03-1'!D2 -> テスト 太郎 (male, 10) Development
A3: 2 | B3: 8 | C3: ='T03-1'!B3 &" "&'T03-1'!C3&" ("&'T03-1'!G3&", "&'T03-1'!E3&") "&'T03-1'!D3 -> テスト 花子 (female, 20) Management
A4: 3 | B4: 8 | C4: ='T03-1'!B4 &" "&'T03-1'!C4&" ("&'T03-1'!G4&", "&'T03-1'!E4&") "&'T03-1'!D4 -> Test Taro (male, 30) Marketing
A5: 4 | B5: 8 | C5: ='T03-1'!B5 &" "&'T03-1'!C5&" ("&'T03-1'!G5&", "&'T03-1'!E5&") "&'T03-1'!D5 -> Test Hanako (female, 40) Office
A6: 5 | B6: 8 | C6: ='T03-1'!B6 &" "&'T03-1'!C6&" ("&'T03-1'!G6&", "&'T03-1'!E6&") "&'T03-1'!D6 -> John Smith (male, 50) Project Management
A7: 6 | B7: 8 | C7: ='T03-1'!B7 &" "&'T03-1'!C7&" ("&'T03-1'!G7&", "&'T03-1'!E7&") "&'T03-1'!D7 -> Jane Doe (female, 60) Sales
A8: 7 | B8: 8 | C8: ='T03-1'!B8 &" "&'T03-1'!C8&" ("&'T03-1'!G8&", "&'T03-1'!E8&") "&'T03-1'!D8 -> James Johnson (male, 70) Support
A9: 8 | B9: 8 | C9: ='T03-1'!B9 &" "&'T03-1'!C9&" ("&'T03-1'!G9&", "&'T03-1'!E9&") "&'T03-1'!D9 -> Mary Smith (female, 80) Testing

Sheet T03-4
A1: id | B1: targetName | C1: fileExtension | D1: numberOfEntries
A2: 1 | B2: T03_TestDatabase | C2: .jpg | D2: 8
